<?xml version="1.0" encoding="UTF-8"?>
<project-private xmlns="http://www.netbeans.org/ns/project-private/1">
    <editor-bookmarks xmlns="http://www.netbeans.org/ns/editor-bookmarks/2" lastBookmarkId="0"/>
    <open-files xmlns="http://www.netbeans.org/ns/projectui-open-files/2">
        <group>
            <file>file:/C:/xampp/htdocs/Project_1/index.php</file>
            <file>file:/C:/xampp/htdocs/Project_1/AJAX/ajax.js</file>
            <file>file:/C:/xampp/htdocs/Project_1/account.php</file>
            <file>file:/C:/xampp/htdocs/Project_1/products.php</file>
            <file>file:/C:/xampp/htdocs/Project_1/collection.php</file>
            <file>file:/C:/xampp/htdocs/Project_1/product.php</file>
            <file>file:/C:/xampp/htdocs/Project_1/cheatsheet.txt</file>
            <file>file:/C:/xampp/htdocs/Project_1/login.php</file>
            <file>file:/C:/xampp/htdocs/Project_1/db_connection.php</file>
            <file>file:/C:/xampp/htdocs/Project_1/logout.php</file>
            <file>file:/C:/xampp/htdocs/Project_1/logfile.txt</file>
            <file>file:/C:/xampp/htdocs/Project_1/customer.php</file>
            <file>file:/C:/xampp/htdocs/Project_1/register.php</file>
            <file>file:/C:/xampp/htdocs/Project_1/PHP/phpFunctions.php</file>
            <file>file:/C:/xampp/htdocs/Project_1/purchases.php</file>
            <file>file:/C:/xampp/htdocs/Project_1/purchase.php</file>
            <file>file:/C:/xampp/htdocs/Project_1/buy.php</file>
            <file>file:/C:/xampp/htdocs/Project_1/CSS/styles.css</file>
            <file>file:/C:/xampp/htdocs/Project_1/customers.php</file>
            <file>file:/C:/xampp/htdocs/Project_1/orders.php</file>
        </group>
    </open-files>
</project-private>
